<application>
  <component name="FeatureSuggesterSettings">
    <option name="workingDays">
      <list>
        <option value="1663724945334" />
        <option value="1663811104497" />
        <option value="1663897746236" />
        <option value="1664156974086" />
        <option value="1664244640807" />
        <option value="1664330976995" />
        <option value="1665227020587" />
        <option value="1665280130612" />
        <option value="1665371250895" />
        <option value="1665455469222" />
        <option value="1665541001815" />
        <option value="1665626416303" />
        <option value="1665714262985" />
        <option value="1666173775082" />
        <option value="1666320076506" />
        <option value="1666577696709" />
        <option value="1666697258449" />
        <option value="1666749462363" />
        <option value="1666940706744" />
        <option value="1667559981271" />
        <option value="1667787148800" />
        <option value="1667982227370" />
        <option value="1668084154075" />
        <option value="1668183557785" />
        <option value="1668496398617" />
        <option value="1668569298773" />
        <option value="1668651197910" />
        <option value="1668759597567" />
        <option value="1670294376511" />
        <option value="1670395773544" />
      </list>
    </option>
  </component>
</application>