<profile version="1.0">
  <option name="myName" value="Default" />
  <inspection_tool class="DuplicatedCode" enabled="true" level="WEAK WARNING" enabled_by_default="true">
    <Languages>
      <language minSize="53" name="Python" />
    </Languages>
  </inspection_tool>
  <inspection_tool class="Eslint" enabled="true" level="WARNING" enabled_by_default="true" />
  <inspection_tool class="HttpUrlsUsage" enabled="true" level="WEAK WARNING" enabled_by_default="true">
    <option name="ignoredUrls">
      <list>
        <option value="http://localhost" />
        <option value="http://127.0.0.1" />
        <option value="http://0.0.0.0" />
        <option value="http://www.w3.org/" />
        <option value="http://json-schema.org/draft" />
        <option value="http://java.sun.com/" />
        <option value="http://xmlns.jcp.org/" />
        <option value="http://javafx.com/javafx/" />
        <option value="http://javafx.com/fxml" />
        <option value="http://maven.apache.org/xsd/" />
        <option value="http://maven.apache.org/POM/" />
        <option value="http://www.springframework.org/schema/" />
        <option value="http://www.springframework.org/tags" />
        <option value="http://www.springframework.org/security/tags" />
        <option value="http://www.thymeleaf.org" />
        <option value="http://www.jboss.org/j2ee/schema/" />
        <option value="http://www.jboss.com/xml/ns/" />
        <option value="http://www.ibm.com/webservices/xsd" />
        <option value="http://activemq.apache.org/schema/" />
        <option value="http://schema.cloudfoundry.org/spring/" />
        <option value="http://schemas.xmlsoap.org/" />
        <option value="http://cxf.apache.org/schemas/" />
        <option value="http://primefaces.org/ui" />
        <option value="http://tiles.apache.org/" />
        <option value="http://api.safety.xiaoying.io" />
      </list>
    </option>
  </inspection_tool>
  <inspection_tool class="PyPackageRequirementsInspection" enabled="true" level="WARNING" enabled_by_default="true">
    <option name="ignoredPackages">
      <value>
        <list size="93">
          <item index="0" class="java.lang.String" itemvalue="protobuf" />
          <item index="1" class="java.lang.String" itemvalue="greenlet" />
          <item index="2" class="java.lang.String" itemvalue="PyYAML" />
          <item index="3" class="java.lang.String" itemvalue="python-dotenv" />
          <item index="4" class="java.lang.String" itemvalue="h11" />
          <item index="5" class="java.lang.String" itemvalue="kombu" />
          <item index="6" class="java.lang.String" itemvalue="httptools" />
          <item index="7" class="java.lang.String" itemvalue="redis" />
          <item index="8" class="java.lang.String" itemvalue="starlette" />
          <item index="9" class="java.lang.String" itemvalue="certifi" />
          <item index="10" class="java.lang.String" itemvalue="gevent" />
          <item index="11" class="java.lang.String" itemvalue="uvicorn" />
          <item index="12" class="java.lang.String" itemvalue="uvloop" />
          <item index="13" class="java.lang.String" itemvalue="vine" />
          <item index="14" class="java.lang.String" itemvalue="pydantic" />
          <item index="15" class="java.lang.String" itemvalue="asgiref" />
          <item index="16" class="java.lang.String" itemvalue="cryptography" />
          <item index="17" class="java.lang.String" itemvalue="typing-extensions" />
          <item index="18" class="java.lang.String" itemvalue="gunicorn" />
          <item index="19" class="java.lang.String" itemvalue="click" />
          <item index="20" class="java.lang.String" itemvalue="watchgod" />
          <item index="21" class="java.lang.String" itemvalue="aioredis" />
          <item index="22" class="java.lang.String" itemvalue="charset-normalizer" />
          <item index="23" class="java.lang.String" itemvalue="async-generator" />
          <item index="24" class="java.lang.String" itemvalue="idna" />
          <item index="25" class="java.lang.String" itemvalue="async-timeout" />
          <item index="26" class="java.lang.String" itemvalue="SQLAlchemy" />
          <item index="27" class="java.lang.String" itemvalue="wcwidth" />
          <item index="28" class="java.lang.String" itemvalue="numpy" />
          <item index="29" class="java.lang.String" itemvalue="requests" />
          <item index="30" class="java.lang.String" itemvalue="click-didyoumean" />
          <item index="31" class="java.lang.String" itemvalue="importlib-metadata" />
          <item index="32" class="java.lang.String" itemvalue="celery" />
          <item index="33" class="java.lang.String" itemvalue="ruamel.yaml.clib" />
          <item index="34" class="java.lang.String" itemvalue="zipp" />
          <item index="35" class="java.lang.String" itemvalue="prompt-toolkit" />
          <item index="36" class="java.lang.String" itemvalue="cached-property" />
          <item index="37" class="java.lang.String" itemvalue="urllib3" />
          <item index="38" class="java.lang.String" itemvalue="billiard" />
          <item index="39" class="java.lang.String" itemvalue="websockets" />
          <item index="40" class="java.lang.String" itemvalue="coverage" />
          <item index="41" class="java.lang.String" itemvalue="dataclasses" />
          <item index="42" class="java.lang.String" itemvalue="async-exit-stack" />
          <item index="43" class="java.lang.String" itemvalue="amqp" />
          <item index="44" class="java.lang.String" itemvalue="ruamel.yaml" />
          <item index="45" class="java.lang.String" itemvalue="fastapi" />
          <item index="46" class="java.lang.String" itemvalue="asyncio" />
          <item index="47" class="java.lang.String" itemvalue="click-repl" />
          <item index="48" class="java.lang.String" itemvalue="pytz" />
          <item index="49" class="java.lang.String" itemvalue="click-plugins" />
          <item index="50" class="java.lang.String" itemvalue="pandas" />
          <item index="51" class="java.lang.String" itemvalue="qcloud_cos" />
          <item index="52" class="java.lang.String" itemvalue="packaging" />
          <item index="53" class="java.lang.String" itemvalue="circuitbreaker" />
          <item index="54" class="java.lang.String" itemvalue="pathspec" />
          <item index="55" class="java.lang.String" itemvalue="rsa" />
          <item index="56" class="java.lang.String" itemvalue="geopy" />
          <item index="57" class="java.lang.String" itemvalue="netifaces" />
          <item index="58" class="java.lang.String" itemvalue="pycurl" />
          <item index="59" class="java.lang.String" itemvalue="typed-ast" />
          <item index="60" class="java.lang.String" itemvalue="cffi" />
          <item index="61" class="java.lang.String" itemvalue="mypy-extensions" />
          <item index="62" class="java.lang.String" itemvalue="wget" />
          <item index="63" class="java.lang.String" itemvalue="MarkupSafe" />
          <item index="64" class="java.lang.String" itemvalue="pyasn1" />
          <item index="65" class="java.lang.String" itemvalue="Jinja2" />
          <item index="66" class="java.lang.String" itemvalue="pyrsistent" />
          <item index="67" class="java.lang.String" itemvalue="Deprecated" />
          <item index="68" class="java.lang.String" itemvalue="pyzmq" />
          <item index="69" class="java.lang.String" itemvalue="tenacity" />
          <item index="70" class="java.lang.String" itemvalue="jsonpath" />
          <item index="71" class="java.lang.String" itemvalue="tomli" />
          <item index="72" class="java.lang.String" itemvalue="pyparsing" />
          <item index="73" class="java.lang.String" itemvalue="zope.event" />
          <item index="74" class="java.lang.String" itemvalue="jsonschema" />
          <item index="75" class="java.lang.String" itemvalue="xlrd" />
          <item index="76" class="java.lang.String" itemvalue="Werkzeug" />
          <item index="77" class="java.lang.String" itemvalue="wrapt" />
          <item index="78" class="java.lang.String" itemvalue="xlwt" />
          <item index="79" class="java.lang.String" itemvalue="zope.interface" />
          <item index="80" class="java.lang.String" itemvalue="grpcio-tools" />
          <item index="81" class="java.lang.String" itemvalue="qiniu" />
          <item index="82" class="java.lang.String" itemvalue="attrs" />
          <item index="83" class="java.lang.String" itemvalue="simplejson" />
          <item index="84" class="java.lang.String" itemvalue="platformdirs" />
          <item index="85" class="java.lang.String" itemvalue="future" />
          <item index="86" class="java.lang.String" itemvalue="typing_extensions" />
          <item index="87" class="java.lang.String" itemvalue="DBUtils" />
          <item index="88" class="java.lang.String" itemvalue="mock" />
          <item index="89" class="java.lang.String" itemvalue="grpcio" />
          <item index="90" class="java.lang.String" itemvalue="PyMySQL" />
          <item index="91" class="java.lang.String" itemvalue="nose2" />
          <item index="92" class="java.lang.String" itemvalue="requests-toolbelt" />
        </list>
      </value>
    </option>
  </inspection_tool>
  <inspection_tool class="PyPep8Inspection" enabled="true" level="WEAK WARNING" enabled_by_default="true">
    <option name="ignoredErrors">
      <list>
        <option value="E402" />
        <option value="E501" />
      </list>
    </option>
  </inspection_tool>
  <inspection_tool class="PyPep8NamingInspection" enabled="true" level="WEAK WARNING" enabled_by_default="true">
    <option name="ignoredErrors">
      <list>
        <option value="N806" />
        <option value="N801" />
      </list>
    </option>
  </inspection_tool>
  <inspection_tool class="PyTypeCheckerInspection" enabled="false" level="WARNING" enabled_by_default="false" />
  <inspection_tool class="PyUnresolvedReferencesInspection" enabled="true" level="WARNING" enabled_by_default="true">
    <option name="ignoredIdentifiers">
      <list>
        <option value="str.decode" />
        <option value="Exception.message" />
        <option value="set.result" />
        <option value="dict.__getitem__" />
        <option value="object.__getattr__" />
        <option value="tuple.name" />
        <option value="sys._getframe" />
      </list>
    </option>
  </inspection_tool>
</profile>