<application>
  <component name="FileTypeManager" version="19">
    <ignoreFiles list="*$py.class;*.idea;*.pyc;*.pyo;*.rbc;*.yarb;*~;.DS_Store;.git;.hg;.mypy_cache;.pytest_cache;.ruff_cache;.svn;CVS;__pycache__;_svn;vssver.scc;vssver2.scc" />
    <extensionMap>
      <mapping pattern="aqweqwe" type="AUTO_DETECTED" />
      <mapping pattern="信合元优化调整" type="AUTO_DETECTED" />
      <mapping pattern="111" type="AUTO_DETECTED" />
      <mapping pattern="mobile_tell" type="AUTO_DETECTED" />
      <mapping pattern="aaa" type="AUTO_DETECTED" />
      <mapping pattern="a" type="AUTO_DETECTED" />
      <mapping pattern="requirements" type="AUTO_DETECTED" />
      <mapping pattern="adasd" type="AUTO_DETECTED" />
      <mapping ext="2022-06-29" type="AUTO_DETECTED" />
      <mapping ext="amr" type="AUTO_DETECTED" />
      <mapping ext="mp3" type="AUTO_DETECTED" />
      <mapping pattern=".gitkeep" type="PLAIN_TEXT" />
      <mapping pattern=".pypirc" type="PLAIN_TEXT" />
      <mapping ext="conf" type="PLAIN_TEXT" />
      <mapping ext="out" type="PLAIN_TEXT" />
      <mapping ext="pkl" type="PLAIN_TEXT" />
      <removed_mapping ext="csv" approved="true" type="CSV/TSV" />
      <removed_mapping ext="dockerignore" approved="true" type="DockerIgnore file" />
      <removed_mapping ext="ignore" approved="true" type="IgnoreLang file" />
      <removed_mapping ext="tsv" approved="true" type="CSV/TSV" />
    </extensionMap>
  </component>
</application>