<application>
  <component name="CachedDictionaryState">
    <words>
      <w>addr</w>
      <w>alexnet</w>
      <w>apphome</w>
      <w>beikeprice</w>
      <w>cword</w>
      <w>dianhuabang</w>
      <w>enhc</w>
      <w>errlog</w>
      <w>fqsc</w>
      <w>lenet</w>
      <w>mulcur</w>
      <w>mulselect</w>
      <w>nifa</w>
      <w>pcdtv</w>
      <w>pnode</w>
      <w>preds</w>
      <w>pword</w>
      <w>risksystem</w>
      <w>riskvar</w>
      <w>safetycodec</w>
      <w>shuijng</w>
      <w>shujing</w>
      <w>sinselect</w>
      <w>smalltable</w>
      <w>succ</w>
      <w>thirdparty</w>
      <w>torepay</w>
      <w>unserialize</w>
      <w>wingine</w>
      <w>xiaoying</w>
      <w>xwzr</w>
      <w>xyqb</w>
      <w>ydxhed</w>
      <w>yzfhl</w>
    </words>
  </component>
</application>