<application>
  <component name="UISettings">
    <option name="EDITOR_TAB_LIMIT" value="100" />
    <option name="OPEN_IN_PREVIEW_TAB_IF_POSSIBLE" value="true" />
    <option name="OPEN_TABS_AT_THE_END" value="true" />
    <option name="SCROLL_TAB_LAYOUT_IN_EDITOR" value="false" />
    <option name="SHOW_ICONS_IN_MENUS" value="false" />
    <option name="SHOW_NAVIGATION_BAR_MEMBERS" value="false" />
    <option name="showTreeIndentGuides" value="true" />
    <option name="USE_SMALL_LABELS_ON_TABS" value="false" />
  </component>
</application>