<application>
  <component name="DimensionService">
    <location key="find.popup.0.0.1920.1200" x="222" y="5" />
    <location key="find.popup.0.0.2880.1800@192dpi" x="972" y="92" />
    <location key="find.popup.1440.-51.2560.1440" x="2756" y="361" />
    <location key="find.popup.1440.-34.2560.1440" x="2756" y="378" />
    <location key="find.popup.0.0.2560.1440" x="1037" y="171" />
    <location key="find.popup.0.0.1024.768" x="338" y="33" />
    <location key="find.popup.1440.0.1920.1200" x="2111" y="39" />
    <location key="REMOTE_DEVELOPMENT_CONNECTION.0.0.1920.1200" x="920" y="225" />
    <location key="find.popup.0.0.3840.2160@192dpi" x="538" y="204" />
    <size key="GridCell.Tab.0.left.0.0.1920.1200" width="1753" height="244" />
    <size key="GridCell.Tab.0.center.0.0.1920.1200" width="1753" height="244" />
    <size key="GridCell.Tab.0.right.0.0.1920.1200" width="1753" height="244" />
    <size key="GridCell.Tab.0.bottom.0.0.1920.1200" width="1753" height="244" />
    <size key="GridCell.Tab.1.left.0.0.1920.1200" width="1064" height="355" />
    <size key="GridCell.Tab.1.center.0.0.1920.1200" width="1064" height="355" />
    <size key="GridCell.Tab.1.right.0.0.1920.1200" width="1064" height="355" />
    <size key="GridCell.Tab.1.bottom.0.0.1920.1200" width="1064" height="355" />
    <size key="GridCell.Tab.0.left.0.0.2880.1800@192dpi" width="2054" height="654" />
    <size key="GridCell.Tab.0.center.0.0.2880.1800@192dpi" width="2054" height="654" />
    <size key="GridCell.Tab.0.right.0.0.2880.1800@192dpi" width="2054" height="654" />
    <size key="GridCell.Tab.0.bottom.0.0.2880.1800@192dpi" width="2054" height="654" />
    <size key="GridCell.Tab.1.left.0.0.2880.1800@192dpi" width="2658" height="450" />
    <size key="GridCell.Tab.1.center.0.0.2880.1800@192dpi" width="2658" height="450" />
    <size key="GridCell.Tab.1.right.0.0.2880.1800@192dpi" width="2658" height="450" />
    <size key="GridCell.Tab.1.bottom.0.0.2880.1800@192dpi" width="2658" height="450" />
    <size key="find.popup.0.0.1920.1200" width="1126" height="895" />
    <size key="find.popup.0.0.2880.1800@192dpi" width="1822" height="1696" />
    <size key="find.popup.1440.-51.2560.1440" width="899" height="735" />
    <size key="GridCell.Tab.0.left.1440.-51.2560.1440" width="2081" height="538" />
    <size key="GridCell.Tab.0.center.1440.-51.2560.1440" width="2081" height="538" />
    <size key="GridCell.Tab.0.right.1440.-51.2560.1440" width="2081" height="538" />
    <size key="GridCell.Tab.0.bottom.1440.-51.2560.1440" width="2081" height="538" />
    <size key="GridCell.Tab.1.left.1440.-51.2560.1440" width="2081" height="538" />
    <size key="GridCell.Tab.1.center.1440.-51.2560.1440" width="2081" height="538" />
    <size key="GridCell.Tab.1.right.1440.-51.2560.1440" width="2081" height="538" />
    <size key="GridCell.Tab.1.bottom.1440.-51.2560.1440" width="2081" height="538" />
    <size key="GridCell.Tab.0.left.1440.-34.2560.1440" width="2516" height="306" />
    <size key="GridCell.Tab.0.center.1440.-34.2560.1440" width="2516" height="306" />
    <size key="GridCell.Tab.0.right.1440.-34.2560.1440" width="2516" height="306" />
    <size key="GridCell.Tab.0.bottom.1440.-34.2560.1440" width="2516" height="306" />
    <size key="GridCell.Tab.1.left.1440.-34.2560.1440" width="2004" height="401" />
    <size key="GridCell.Tab.1.center.1440.-34.2560.1440" width="2004" height="401" />
    <size key="GridCell.Tab.1.right.1440.-34.2560.1440" width="2004" height="401" />
    <size key="GridCell.Tab.1.bottom.1440.-34.2560.1440" width="2004" height="401" />
    <size key="find.popup.1440.-34.2560.1440" width="552" height="490" />
    <size key="GridCell.Tab.0.left.0.0.2560.1440" width="1507" height="436" />
    <size key="GridCell.Tab.0.center.0.0.2560.1440" width="1507" height="436" />
    <size key="GridCell.Tab.0.right.0.0.2560.1440" width="1507" height="436" />
    <size key="GridCell.Tab.0.bottom.0.0.2560.1440" width="1507" height="436" />
    <size key="GridCell.Tab.1.left.0.0.2560.1440" width="1580" height="399" />
    <size key="GridCell.Tab.1.center.0.0.2560.1440" width="1580" height="399" />
    <size key="GridCell.Tab.1.right.0.0.2560.1440" width="1580" height="399" />
    <size key="GridCell.Tab.1.bottom.0.0.2560.1440" width="1580" height="399" />
    <size key="find.popup.0.0.2560.1440" width="1393" height="1109" />
    <size key="GridCell.Tab.0.left.1440.0.2048.1080" width="2004" height="221" />
    <size key="GridCell.Tab.0.center.1440.0.2048.1080" width="2004" height="221" />
    <size key="GridCell.Tab.0.right.1440.0.2048.1080" width="2004" height="221" />
    <size key="GridCell.Tab.0.bottom.1440.0.2048.1080" width="2004" height="221" />
    <size key="find.popup.0.0.1024.768" width="558" height="735" />
    <size key="find.popup.1440.0.1920.1200" width="1214" height="1129" />
    <size key="GridCell.Tab.0.left.1440.0.1920.1200" width="1876" height="387" />
    <size key="GridCell.Tab.0.center.1440.0.1920.1200" width="1876" height="387" />
    <size key="GridCell.Tab.0.right.1440.0.1920.1200" width="1876" height="387" />
    <size key="GridCell.Tab.0.bottom.1440.0.1920.1200" width="1876" height="387" />
    <size key="GridCell.Tab.0.left.0.0.1920.1080" width="1876" height="353" />
    <size key="GridCell.Tab.0.center.0.0.1920.1080" width="1876" height="353" />
    <size key="GridCell.Tab.0.right.0.0.1920.1080" width="1876" height="353" />
    <size key="GridCell.Tab.0.bottom.0.0.1920.1080" width="1876" height="353" />
    <size key="GridCell.Tab.1.left.0.0.1920.1080" width="1876" height="353" />
    <size key="GridCell.Tab.1.center.0.0.1920.1080" width="1876" height="353" />
    <size key="GridCell.Tab.1.right.0.0.1920.1080" width="1876" height="353" />
    <size key="GridCell.Tab.1.bottom.0.0.1920.1080" width="1876" height="353" />
    <size key="REMOTE_DEVELOPMENT_CONNECTION.0.0.1920.1200" width="1000" height="749" />
    <size key="find.popup.0.0.3840.2160@192dpi" width="1202" height="956" />
    <size key="GridCell.Tab.0.left.0.0.3840.2160@192dpi" width="2318" height="654" />
    <size key="GridCell.Tab.0.center.0.0.3840.2160@192dpi" width="2318" height="654" />
    <size key="GridCell.Tab.0.right.0.0.3840.2160@192dpi" width="2318" height="654" />
    <size key="GridCell.Tab.0.bottom.0.0.3840.2160@192dpi" width="2318" height="654" />
    <size key="GridCell.Tab.1.left.0.0.3840.2160@192dpi" width="4140" height="450" />
    <size key="GridCell.Tab.1.center.0.0.3840.2160@192dpi" width="4140" height="450" />
    <size key="GridCell.Tab.1.right.0.0.3840.2160@192dpi" width="4140" height="450" />
    <size key="GridCell.Tab.1.bottom.0.0.3840.2160@192dpi" width="4140" height="450" />
  </component>
  <component name="WindowManager">
    <frame x="0" y="0" width="1920" height="1080" extendedState="6" />
  </component>
  <component name="WindowStateApplicationService">
    <state width="436" height="78" key="ShowUsagesActions.dimensionServiceKey" timestamp="1752660917207">
      <screen x="0" y="0" width="1920" height="1080" />
    </state>
    <state width="576" height="166" key="ShowUsagesActions.dimensionServiceKey/0.0.1440.900" timestamp="1749782992581" />
    <state width="436" height="78" key="ShowUsagesActions.dimensionServiceKey/0.0.1920.1080" timestamp="1752660917207" />
    <state width="385" height="125" key="ShowUsagesActions.dimensionServiceKey/0.0.1920.1200" timestamp="1744709628314" />
    <state x="720" y="420" width="1000" height="720" key="WELCOME_SCREEN" timestamp="1752420283504">
      <screen x="0" y="0" width="1440" height="900" />
    </state>
    <state x="720" y="420" width="1000" height="720" key="WELCOME_SCREEN/0.0.1440.900" timestamp="1752420283504" />
    <state x="960" y="540" width="1000" height="1080" key="WELCOME_SCREEN/0.0.1920.1080" timestamp="1752113334612" />
    <state x="960" y="520" width="1000" height="720" key="WELCOME_SCREEN/0.0.1920.1200" timestamp="1744341916827" />
  </component>
</application>